United Arab Emirates,25.276987,55.296249
Dubai Mall,25.199514,55.277397